{
  "frontend/js/onboarding.js": 1776293993.4895337,
  "frontend/js/search.js": 1776111455.7213473,
  "frontend/js/app.js": 1776294641.9995363,
  "frontend/js/collection.js": 1776431103.0903683,
  "frontend/js/sets.js": 1776432378.0691571,
  "frontend/js/trade-binder.js": 1776027945.0902138,
  "frontend/js/portfolio.js": 1776027896.6019144,
  "backend/main.py": 1776294590.962349,
  "backend/scheduler.py": 1776114518.7966428,
  "backend/models.py": 1776027357.1702397,
  "backend/database.py": 1775807212.6665616,
  "backend/schemas.py": 1776027367.309317,
  "backend/alembic/env.py": 1775807428.9119468,
  "backend/alembic/versions/0005_add_track_price_for_trade.py": 1776027352.6282048,
  "backend/alembic/versions/0001_initial_schema.py": 1775807952.9158638,
  "backend/alembic/versions/0004_rename_cardmarket_url_to_source_url.py": 1775924199.6587236,
  "backend/alembic/versions/0006_add_onboarding_settings.py": 1776292839.5444036,
  "backend/alembic/versions/c17d2f173cf7_add_app_settings_table.py": 1776005307.442962,
  "backend/alembic/versions/0002_add_image_url_to_cards.py": 1775855411.6575196,
  "backend/alembic/versions/0003_manual_cards.py": 1775922847.366065,
  "backend/routers/portfolio.py": 1776027435.5228276,
  "backend/routers/images.py": 1776113388.0642648,
  "backend/routers/auth.py": 1776027386.6814642,
  "backend/routers/prices.py": 1776027444.7118952,
  "backend/routers/search.py": 1775855411.6595194,
  "backend/routers/settings.py": 1776294007.5245645,
  "backend/routers/__init__.py": 1775807499.2993777,
  "backend/routers/collection.py": 1776027428.9397793,
  "backend/routers/manual_cards.py": 1776027453.172957,
  "backend/routers/sets.py": 1776114502.545499,
  "backend/services/auth.py": 1776027378.3674011,
  "backend/services/price_cache.py": 1775924243.8290384,
  "backend/services/pricecharting_scraper.py": 1775924164.8654757,
  "backend/services/pokewallet.py": 1776294584.8693268,
  "backend/services/__init__.py": 1775807472.8422167,
  "backend/services/currency.py": 1775924181.6955957,
  "technical.md": 1776113516.5974183,
  "TECHNICAL.md": 1776432444.012501,
  "HANDOVER.md": 1776432435.0744545,
  "README.md": 1776432012.8092468,
  "CLAUDE.md": 1775808314.8778634,
  "frontend/index.html": 1776432389.2582157,
  "backend/requirements.txt": 1776027474.851114,
  "frontend.png": 1775855411.6835196
}